{"cameraMode":{"drawMode":0,"name":"Shaded","section":"Shading Mode"},"sceneLighting":true,"audioPlay":false,"sceneViewState":{"showFog":true,"showMaterialUpdate":true,"showSkybox":true,"showFlares":true,"showImageEffects":true,"showParticleSystems":true},"in2DMode":false,"pivot":{"x":-0.7008941173553467,"y":-103.70447540283203,"z":78.16646575927735},"rotation":{"x":0.4470805823802948,"y":-0.002415129914879799,"z":0.0012071294477209449,"w":0.8944932222366333},"size":137.45669555664063,"orthographic":false}