{"cameraMode":{"drawMode":0,"name":"Shaded","section":"Shading Mode"},"sceneLighting":true,"audioPlay":false,"sceneViewState":{"showFog":true,"showMaterialUpdate":true,"showSkybox":true,"showFlares":true,"showImageEffects":true,"showParticleSystems":true},"in2DMode":false,"pivot":{"x":-1.4160041809082032,"y":-106.19271087646485,"z":78.00589752197266},"rotation":{"x":0.4524293541908264,"y":-0.006420881021767855,"z":0.003257557051256299,"w":0.8917747735977173},"size":147.09405517578126,"orthographic":false}