{"cameraMode":{"drawMode":0,"name":"Shaded","section":"Shading Mode"},"sceneLighting":false,"audioPlay":false,"sceneViewState":{"showFog":true,"showMaterialUpdate":true,"showSkybox":false,"showFlares":true,"showImageEffects":true,"showParticleSystems":true},"in2DMode":false,"pivot":{"x":0.25600314140319826,"y":-0.382879376411438,"z":-0.2387765645980835},"rotation":{"x":-0.2397916316986084,"y":0.6288341283798218,"z":-0.21287231147289277,"w":-0.7083581686019898},"size":4.246104717254639,"orthographic":false}