{"cameraMode":{"drawMode":0,"name":"Shaded","section":"Shading Mode"},"sceneLighting":true,"audioPlay":false,"sceneViewState":{"showFog":true,"showMaterialUpdate":true,"showSkybox":true,"showFlares":true,"showImageEffects":true,"showParticleSystems":true},"in2DMode":false,"pivot":{"x":-0.9566513299942017,"y":-119.75708770751953,"z":10.122703552246094},"rotation":{"x":0.675021231174469,"y":-0.00309869390912354,"z":0.002835185034200549,"w":0.7377884387969971},"size":142.564697265625,"orthographic":false}