{"cameraMode":{"drawMode":0,"name":"Shaded","section":"Shading Mode"},"sceneLighting":false,"audioPlay":false,"sceneViewState":{"showFog":true,"showMaterialUpdate":true,"showSkybox":false,"showFlares":true,"showImageEffects":true,"showParticleSystems":true},"in2DMode":false,"pivot":{"x":-0.7183808088302612,"y":-0.6571357250213623,"z":1.7145763635635377},"rotation":{"x":-0.2180551290512085,"y":0.19464534521102906,"z":-0.04442111775279045,"w":-0.9553111791610718},"size":3.9461047649383547,"orthographic":false}