{"cameraMode":{"drawMode":0,"name":"Shaded","section":"Shading Mode"},"sceneLighting":true,"audioPlay":false,"sceneViewState":{"showFog":true,"showMaterialUpdate":true,"showSkybox":true,"showFlares":true,"showImageEffects":true,"showParticleSystems":true},"in2DMode":false,"pivot":{"x":0.1969422698020935,"y":4.86199951171875,"z":-0.25197505950927737},"rotation":{"x":0.5933129191398621,"y":-0.15888941287994386,"z":0.1208883598446846,"w":0.7798202633857727},"size":6.69019079208374,"orthographic":false}